Gene,iSNV,AA_Mutation,mutation_type,selection_coefficient,individual,age,clade,vaccinated,E25,E50,E10
ORF1a,C1218T,S318L,Non,0.41550572,103403,42,BA.1,1,0.726,0.726,0.726
ORF1b,C14178T,237T,Syn,0.42198689,103403,42,BA.1,1,NA,NA,NA
ORF1b,G21249T,2594V,Syn,0.36034801,102603,46,BA.1,1,-1.66,-1.66,-1.66
S,T22579A,D339E,Non,0.37183336,105202,54,BA.1,1,NA,NA,-0.966
S,A22905C,L461I,Non,0.43687486,103403,42,BA.1,1,0.0118,0.0118,0.0118
S,C22943A,N448T,Non,0.44314941,105901,49,BA.1,1,NA,NA,0.372
S,G23282A,D574N,Non,0.38677793,103404,36,BA.1,1,-0.454,-0.454,-0.454
S,G23282A,D574N,Non,0.41807759,102801,39,BA.1,1,-0.454,-0.454,-0.454
S,C23987A,P809T,Non,0.37079572,107201,50,BA.1,1,0.0613,0.0613,0.0613
S,C24904T,1114I,Syn,0.43920636,103801,47,BA.1,0,NA,NA,NA
ORF7a,C27434T,T14I,Non,0.41432335,103801,47,BA.1,0,1.06,1.06,1.06
ORF8,C28054T,S54L,Non,0.40091975,101703,10,Delta,0,0.792,0.792,0.792
N,C29370T,T366I,Non,0.28217821,104501,10,BA.1,1,0.905,0.905,0.905
NA,G29742A,NA,NA,0.35436237,106103,36,BA.1,1,NA,NA,NA